Timestamp,Tick
2021-03-05 15:00:00.462300,Q|5304||120.15|2|120.24|10||1614952800.4623|
2021-03-05 15:00:00.502600,Q|5305||120.15|2|120.5|137||1614952800.5026|
2021-03-05 15:00:01.162900,Q|5306||120.22|10|120.5|137||1614952801.1629|
2021-03-05 15:00:01.162900,Q|5307||120.15|2|120.5|137||1614952801.1629|
2021-03-05 15:00:03.246700,Q|5308||120.22|10|120.5|137||1614952803.2467|
2021-03-05 15:00:03.282200,Q|5309||120.15|2|120.5|137||1614952803.2822|
2021-03-05 15:00:03.808000,Q|5310||120.15|2|120.24|10||1614952803.808|
2021-03-05 15:00:03.839200,Q|5311||120.15|2|120.5|137||1614952803.8392|
2021-03-05 15:00:04.603500,Q|5312||120.15|2|120.24|17||1614952804.6035|
2021-03-05 15:00:04.625500,Q|5313||120.15|2|120.5|137||1614952804.6255|
2021-03-05 15:00:05.214200,Q|5314||120.15|2|120.23|17||1614952805.2142|
2021-03-05 15:00:05.238700,Q|5315||120.15|2|120.5|137||1614952805.2387|
2021-03-05 15:00:05.835000,Q|5316||120.15|2|120.22|10||1614952805.835|
2021-03-05 15:00:05.876900,Q|5317||120.15|2|120.5|137||1614952805.8769|
2021-03-05 15:00:11.657900,Q|5318||120.15|2|120.22|10||1614952811.6579|
2021-03-05 15:00:11.689500,Q|5319||120.15|2|120.5|137||1614952811.6895|
2021-03-05 15:00:11.796100,Q|5320||120.15|2|120.22|19||1614952811.7961|
2021-03-05 15:00:11.884500,Q|5321||120.15|2|120.5|137||1614952811.8845|
2021-03-05 15:00:21.791800,Q|5322||120.15|2|120.25|4||1614952821.7918|
2021-03-05 15:00:25.781600,Q|5323||120.19|10|120.25|4||1614952825.7816|
2021-03-05 15:00:25.824200,Q|5324||120.15|2|120.25|4||1614952825.8242|
2021-03-05 15:00:26.801500,Q|5325||120.23|10|120.25|4||1614952826.8015|
2021-03-05 15:00:26.801500,Q|5326||120.15|2|120.25|4||1614952826.8015|
2021-03-05 15:00:28.050000,Q|5327||120.23|10|120.25|4||1614952828.05|
2021-03-05 15:00:28.050000,Q|5328||120.15|2|120.25|4||1614952828.05|
2021-03-05 15:00:28.664800,Q|5329||120.23|10|120.25|4||1614952828.6648|
2021-03-05 15:00:28.664800,Q|5330||120.23|100|120.25|4||1614952828.6648|
2021-03-05 15:00:28.676000,Q|5331||120.15|2|120.25|4||1614952828.676|
2021-03-05 15:00:29.231000,Q|5332||120.23|17|120.25|4||1614952829.231|
2021-03-05 15:00:29.231000,Q|5333||120.24|10|120.25|4||1614952829.231|
2021-03-05 15:00:29.231000,Q|5334||120.24|110|120.25|4||1614952829.231|
2021-03-05 15:00:29.231000,Q|5335||120.24|110|120.5|137||1614952829.231|
2021-03-05 15:00:29.231000,T|5336||120.25|4||1614952829.231|||||||||
2021-03-05 15:00:29.231000,Q|5337||120.24|100|120.5|137||1614952829.231|
2021-03-05 15:00:29.231000,Q|5338||120.15|2|120.5|137||1614952829.231|
2021-03-05 15:00:29.483900,Q|5339||120.23|1|120.5|137||1614952829.4839|
2021-03-05 15:00:30.353600,Q|5340||120.24|10|120.5|137||1614952830.3536|
2021-03-05 15:00:30.353600,Q|5341||120.23|1|120.5|137||1614952830.3536|
2021-03-05 15:00:32.195100,Q|5342||120.24|10|120.5|137||1614952832.1951|
2021-03-05 15:00:32.195100,Q|5343||120.23|1|120.5|137||1614952832.1951|
2021-03-05 15:00:32.598100,Q|5344||120.24|110|120.5|137||1614952832.5981|
2021-03-05 15:00:32.598100,Q|5345||120.24|100|120.5|137||1614952832.5981|
2021-03-05 15:00:32.598100,Q|5346||120.23|1|120.5|137||1614952832.5981|
2021-03-05 15:00:33.409600,Q|5347||120.24|10|120.5|137||1614952833.4096|
2021-03-05 15:00:33.409600,Q|5348||120.24|110|120.5|137||1614952833.4096|
2021-03-05 15:00:33.409600,Q|5349||120.24|100|120.5|137||1614952833.4096|
2021-03-05 15:00:33.409600,Q|5350||120.23|1|120.5|137||1614952833.4096|
2021-03-05 15:00:34.502400,Q|5351||120.23|1|120.28|10||1614952834.5024|
2021-03-05 15:00:34.502400,Q|5352||120.23|1|120.5|137||1614952834.5024|
2021-03-05 15:00:38.242200,Q|5353||120.24|10|120.5|137||1614952838.2422|
2021-03-05 15:00:38.242200,Q|5354||120.23|1|120.5|137||1614952838.2422|
2021-03-05 15:00:38.263400,Q|5355||120.23|1|120.28|10||1614952838.2634|
2021-03-05 15:00:38.307400,Q|5356||120.23|1|120.5|137||1614952838.3074|
2021-03-05 15:00:38.438000,Q|5357||120.23|1|120.25|10||1614952838.438|
2021-03-05 15:00:38.493900,Q|5358||120.23|1|120.5|137||1614952838.4939|
2021-03-05 15:00:41.192800,Q|5359||120.23|1|120.24|100||1614952841.1928|
2021-03-05 15:00:41.192800,Q|5360||120.23|1|120.5|137||1614952841.1928|
2021-03-05 15:00:41.608500,Q|5361||120.23|11|120.5|137||1614952841.6085|
2021-03-05 15:00:41.608500,Q|5362||120.23|1|120.5|137||1614952841.6085|
2021-03-05 15:00:42.553200,Q|5363||120.23|17|120.5|137||1614952842.5532|
2021-03-05 15:00:42.553200,Q|5364||120.24|10|120.5|137||1614952842.5532|
2021-03-05 15:00:42.553200,Q|5365||120.23|17|120.5|137||1614952842.5532|
2021-03-05 15:00:42.553200,Q|5366||120.23|1|120.5|137||1614952842.5532|
2021-03-05 15:00:45.889200,Q|5367||120.26|10|120.5|137||1614952845.8892|
2021-03-05 15:00:45.900100,Q|5368||120.23|1|120.5|137||1614952845.9001|
2021-03-05 15:00:46.486400,T|5369||120.3|10||1614952846.4864|||||||||
2021-03-05 15:00:46.486400,Q|5370||120.28|16|120.5|137||1614952846.4864|
2021-03-05 15:00:46.486400,T|5371||120.3|7||1614952846.4864|||||||||
2021-03-05 15:00:46.486400,T|5372||120.3|300||1614952846.4864|||||||||
2021-03-05 15:00:46.486400,Q|5373||120.28|116|120.5|137||1614952846.4864|
2021-03-05 15:00:46.486400,T|5374||120.3|63||1614952846.4864|||||||||
2021-03-05 15:00:46.486400,Q|5375||120.29|10|120.5|137||1614952846.4864|
2021-03-05 15:00:46.486400,T|5376||120.3|10||1614952846.4864|||||||||
2021-03-05 15:00:46.486400,T|5377||120.3|100||1614952846.4864|||||||||
2021-03-05 15:00:46.486400,Q|5378||120.28|16|120.5|137||1614952846.4864|
2021-03-05 15:00:46.486400,Q|5379||120.23|1|120.5|137||1614952846.4864|
2021-03-05 15:00:46.486400,Q|5380||120.3|10|120.5|137||1614952846.4864|
2021-03-05 15:00:46.507500,Q|5381||120.23|1|120.5|137||1614952846.5075|
2021-03-05 15:00:50.257100,Q|5382||120.25|150|120.5|137||1614952850.2571|
2021-03-05 15:00:51.543100,Q|5383||120.28|10|120.5|137||1614952851.5431|
2021-03-05 15:00:51.543100,Q|5384||120.25|150|120.5|137||1614952851.5431|
2021-03-05 15:00:58.782000,Q|5385||120.25|150|120.31|10||1614952858.782|
2021-03-05 15:00:58.782000,Q|5386||120.25|150|120.3|19||1614952858.782|
2021-03-05 15:00:58.831800,Q|5387||120.25|150|120.5|137||1614952858.8318|
2021-03-05 15:00:59.119600,T|5388||120.28|10||1614952859.1196|||||||||
2021-03-05 15:00:59.119600,Q|5389||120.25|150|120.3|10||1614952859.1196|
2021-03-05 15:00:59.119600,Q|5390||120.25|150|120.29|16||1614952859.1196|
2021-03-05 15:00:59.142000,Q|5391||120.25|150|120.5|137||1614952859.142|
2021-03-05 15:01:00.608600,Q|5392||120.27|62|120.5|137||1614952860.6086|
2021-03-05 15:01:00.608600,Q|5393||120.29|10|120.5|137||1614952860.6086|
2021-03-05 15:01:00.608600,Q|5394||120.3|100|120.5|137||1614952860.6086|
2021-03-05 15:01:00.608600,Q|5395||120.3|200|120.5|137||1614952860.6086|
2021-03-05 15:01:00.608600,Q|5396||120.3|100|120.5|137||1614952860.6086|
2021-03-05 15:01:00.608600,Q|5397||120.27|62|120.5|137||1614952860.6086|
2021-03-05 15:01:00.608600,Q|5398||120.25|150|120.5|137||1614952860.6086|
2021-03-05 15:01:01.304100,Q|5399||120.3|62|120.5|137||1614952861.3041|
2021-03-05 15:01:01.304100,Q|5400||120.32|10|120.5|137||1614952861.3041|
2021-03-05 15:01:01.326800,Q|5401||120.25|150|120.5|137||1614952861.3268|
2021-03-05 15:01:02.019800,Q|5402||120.25|150|120.36|10||1614952862.0198|
2021-03-05 15:01:02.019800,Q|5403||120.25|150|120.38|200||1614952862.0198|
2021-03-05 15:01:02.019800,Q|5404||120.25|150|120.38|100||1614952862.0198|
2021-03-05 15:01:02.019800,Q|5405||120.25|150|120.5|137||1614952862.0198|
2021-03-05 15:01:02.019800,Q|5406||120.25|150|120.32|100||1614952862.0198|
2021-03-05 15:01:02.371500,Q|5407||120.25|150|120.5|137||1614952862.3715|
2021-03-05 15:01:02.371500,T|5408||120.32|150||1614952862.3715|||||||||
2021-03-05 15:01:02.371500,Q|5409||120.28|20|120.5|137||1614952862.3715|
2021-03-05 15:01:02.371500,Q|5410||120.3|10|120.5|137||1614952862.3715|
2021-03-05 15:01:02.371500,Q|5411||120.3|110|120.5|137||1614952862.3715|
2021-03-05 15:01:02.371500,Q|5412||120.3|172|120.5|137||1614952862.3715|
2021-03-05 15:01:02.371500,Q|5413||120.3|272|120.5|137||1614952862.3715|
2021-03-05 15:01:02.371500,Q|5414||120.3|172|120.5|137||1614952862.3715|
2021-03-05 15:01:02.371500,Q|5415||120.3|72|120.5|137||1614952862.3715|
2021-03-05 15:01:02.403300,Q|5416||120.3|62|120.5|137||1614952862.4033|
2021-03-05 15:01:02.403300,Q|5417||120.25|150|120.5|137||1614952862.4033|
2021-03-05 15:01:06.719500,Q|5418||120.33|62|120.5|137||1614952866.7195|
2021-03-05 15:01:06.771300,Q|5419||120.25|150|120.5|137||1614952866.7713|
2021-03-05 15:01:08.503600,Q|5420||120.35|62|120.5|137||1614952868.5036|
2021-03-05 15:01:08.518100,Q|5421||120.25|150|120.5|137||1614952868.5181|
2021-03-05 15:01:13.310500,Q|5422||120.34|1|120.5|137||1614952873.3105|
2021-03-05 15:01:13.466700,Q|5423||120.36|62|120.5|137||1614952873.4667|
2021-03-05 15:01:13.466700,Q|5424||120.38|10|120.5|137||1614952873.4667|
2021-03-05 15:01:13.504100,Q|5425||120.39|100|120.5|137||1614952873.5041|
2021-03-05 15:01:13.504100,Q|5426||120.38|10|120.5|137||1614952873.5041|
2021-03-05 15:01:13.504100,Q|5427||120.34|1|120.5|137||1614952873.5041|
2021-03-05 15:01:15.049200,Q|5428||120.37|56|120.5|137||1614952875.0492|
2021-03-05 15:01:15.069500,Q|5429||120.34|1|120.5|137||1614952875.0695|
2021-03-05 15:01:18.719500,Q|5430||120.34|1|120.45|10||1614952878.7195|
2021-03-05 15:01:18.759700,Q|5431||120.34|1|120.5|137||1614952878.7597|
2021-03-05 15:01:20.449500,Q|5432||120.38|56|120.5|137||1614952880.4495|
2021-03-05 15:01:20.471900,Q|5433||120.34|1|120.5|137||1614952880.4719|
2021-03-05 15:01:20.471900,Q|5434||120.39|56|120.5|137||1614952880.4719|
2021-03-05 15:01:20.507900,Q|5435||120.44|10|120.5|137||1614952880.5079|
2021-03-05 15:01:20.507900,Q|5436||120.34|1|120.5|137||1614952880.5079|
2021-03-05 15:01:24.932000,Q|5437||120.43|55|120.5|137||1614952884.932|
2021-03-05 15:01:24.960700,Q|5438||120.34|1|120.5|137||1614952884.9607|
2021-03-05 15:01:25.609100,Q|5439||120.47|10|120.5|137||1614952885.6091|
2021-03-05 15:01:25.656400,Q|5440||120.34|1|120.5|137||1614952885.6564|
2021-03-05 15:01:26.078400,Q|5441||120.47|10|120.5|137||1614952886.0784|
2021-03-05 15:01:26.091700,Q|5442||120.47|10|120.5|132||1614952886.0917|
2021-03-05 15:01:26.091700,T|5443||120.5|5||1614952886.0917|||||||||
2021-03-05 15:01:26.091700,Q|5444||120.34|1|120.5|132||1614952886.0917|
2021-03-05 15:01:28.902200,Q|5445||120.47|8|120.5|132||1614952888.9022|
2021-03-05 15:01:29.319300,Q|5446||120.47|8|120.49|55||1614952889.3193|
2021-03-05 15:01:29.350100,Q|5447||120.47|8|120.5|132||1614952889.3501|
2021-03-05 15:01:30.702100,Q|5448||120.34|1|120.5|132||1614952890.7021|
2021-03-05 15:01:30.702100,T|5449||120.47|8||1614952890.7021|||||||||
2021-03-05 15:01:30.702100,Q|5450||120.34|1|120.49|13||1614952890.7021|
2021-03-05 15:01:30.702100,Q|5451||120.34|1|120.48|10||1614952890.7021|
2021-03-05 15:01:30.772100,Q|5452||120.34|1|120.5|132||1614952890.7721|
2021-03-05 15:01:35.490200,Q|5453||120.34|1|120.5|142||1614952895.4902|
2021-03-05 15:01:35.490200,Q|5454||120.34|1|120.5|132||1614952895.4902|
2021-03-05 15:01:40.530200,Q|5455||120.34|1|120.5|142||1614952900.5302|
2021-03-05 15:01:40.560300,Q|5456||120.34|1|120.5|132||1614952900.5603|
2021-03-05 15:01:46.672400,Q|5457||120.44|101|120.5|132||1614952906.6724|
2021-03-05 15:01:46.672400,T|5458||120.49|400||1614952906.6724|||||||||
2021-03-05 15:01:46.672400,T|5459||120.49|100||1614952906.6724|||||||||
2021-03-05 15:01:46.672400,Q|5460||120.34|1|120.5|132||1614952906.6724|
2021-03-05 15:01:48.034800,Q|5461||120.47|10|120.5|132||1614952908.0348|
2021-03-05 15:01:48.075600,Q|5462||120.34|1|120.5|132||1614952908.0756|
2021-03-05 15:01:48.663300,Q|5463||120.35|28|120.5|132||1614952908.6633|
2021-03-05 15:01:49.782800,Q|5464||120.35|28|120.49|10||1614952909.7828|
2021-03-05 15:01:49.849700,Q|5465||120.35|28|120.5|132||1614952909.8497|
2021-03-05 15:01:49.849700,Q|5466||120.44|101|120.5|132||1614952909.8497|
2021-03-05 15:01:49.849700,Q|5467||120.35|28|120.5|132||1614952909.8497|
2021-03-05 15:01:51.629700,Q|5468||120.35|28|120.49|100||1614952911.6297|
2021-03-05 15:01:51.629700,Q|5469||120.35|28|120.5|132||1614952911.6297|
2021-03-05 15:01:53.042700,Q|5470||120.35|28|120.49|10||1614952913.0427|
2021-03-05 15:01:53.104400,Q|5471||120.35|28|120.5|132||1614952913.1044|
2021-03-05 15:01:53.686700,Q|5472||120.35|28|120.49|10||1614952913.6867|
2021-03-05 15:01:53.686700,Q|5473||120.35|28|120.5|132||1614952913.6867|
2021-03-05 15:01:56.265800,Q|5474||120.35|28|120.49|100||1614952916.2658|
2021-03-05 15:01:57.205000,Q|5475||120.45|10|120.49|100||1614952917.205|
2021-03-05 15:01:57.205000,Q|5476||120.35|28|120.49|100||1614952917.205|
2021-03-05 15:02:02.888700,Q|5477||120.35|28|120.47|16||1614952922.8887|
2021-03-05 15:02:02.888700,Q|5478||120.35|28|120.46|10||1614952922.8887|
2021-03-05 15:02:02.888700,Q|5479||120.35|28|120.47|16||1614952922.8887|
2021-03-05 15:02:02.888700,Q|5480||120.35|28|120.49|100||1614952922.8887|
2021-03-05 15:02:03.149600,Q|5481||120.43|10|120.49|100||1614952923.1496|
2021-03-05 15:02:03.182800,Q|5482||120.35|28|120.49|100||1614952923.1828|
2021-03-05 15:02:03.213800,Q|5483||120.45|10|120.49|100||1614952923.2138|
2021-03-05 15:02:03.624900,Q|5484||120.45|10|120.47|10||1614952923.6249|
2021-03-05 15:02:03.654200,Q|5485||120.45|4|120.47|10||1614952923.6542|
2021-03-05 15:02:03.654200,T|5486||120.45|6||1614952923.6542|||||||||
2021-03-05 15:02:03.654200,Q|5487||120.45|4|120.49|100||1614952923.6542|
2021-03-05 15:02:03.675800,Q|5488||120.45|4|120.5|1||1614952923.6758|
2021-03-05 15:02:03.675800,T|5489||120.5|131||1614952923.6758|||||||||
2021-03-05 15:02:03.675800,Q|5490||120.45|4|120.54|1||1614952923.6758|
2021-03-05 15:02:03.675800,T|5491||120.5|1||1614952923.6758|||||||||
2021-03-05 15:02:03.675800,Q|5492||120.45|17|120.54|1||1614952923.6758|
2021-03-05 15:02:03.675800,Q|5493||120.45|117|120.54|1||1614952923.6758|
2021-03-05 15:02:03.675800,Q|5494||120.45|227|120.54|1||1614952923.6758|
2021-03-05 15:02:03.675800,Q|5495||120.45|327|120.54|1||1614952923.6758|
2021-03-05 15:02:03.675800,Q|5496||120.45|441|120.54|1||1614952923.6758|
2021-03-05 15:02:03.675800,Q|5497||120.45|341|120.54|1||1614952923.6758|
2021-03-05 15:02:03.675800,Q|5498||120.45|241|120.54|1||1614952923.6758|
2021-03-05 15:02:03.675800,Q|5499||120.46|13|120.54|1||1614952923.6758|
2021-03-05 15:02:03.741100,Q|5500||120.45|128|120.54|1||1614952923.7411|
2021-03-05 15:02:03.741100,Q|5501||120.45|4|120.54|1||1614952923.7411|
2021-03-05 15:02:04.380300,Q|5502||120.47|10|120.54|1||1614952924.3803|
2021-03-05 15:02:04.380300,Q|5503||120.46|200|120.54|1||1614952924.3803|
2021-03-05 15:02:04.380300,Q|5504||120.46|100|120.54|1||1614952924.3803|
2021-03-05 15:02:04.380300,Q|5505||120.45|4|120.54|1||1614952924.3803|
2021-03-05 15:02:04.380300,Q|5506||120.49|10|120.54|1||1614952924.3803|
2021-03-05 15:02:04.400500,Q|5507||120.45|4|120.54|1||1614952924.4005|
2021-03-05 15:02:04.950400,Q|5508||120.49|10|120.54|1||1614952924.9504|
2021-03-05 15:02:04.956500,Q|5509||120.45|4|120.54|1||1614952924.9565|
2021-03-05 15:02:05.081100,Q|5510||120.49|10|120.54|1||1614952925.0811|
2021-03-05 15:02:05.112200,Q|5511||120.45|4|120.54|1||1614952925.1122|
2021-03-05 15:02:06.624600,Q|5512||120.45|4|120.5|10||1614952926.6246|
2021-03-05 15:02:06.641000,Q|5513||120.45|4|120.54|1||1614952926.641|
2021-03-05 15:02:06.669400,Q|5514||120.47|10|120.54|1||1614952926.6694|
2021-03-05 15:02:06.669400,Q|5515||120.46|400|120.54|1||1614952926.6694|
2021-03-05 15:02:06.669400,Q|5516||120.46|300|120.54|1||1614952926.6694|
2021-03-05 15:02:06.669400,Q|5517||120.46|200|120.54|1||1614952926.6694|
2021-03-05 15:02:06.669400,Q|5518||120.46|100|120.54|1||1614952926.6694|
2021-03-05 15:02:06.669400,Q|5519||120.45|4|120.54|1||1614952926.6694|
2021-03-05 15:02:07.209300,Q|5520||120.49|10|120.54|1||1614952927.2093|
2021-03-05 15:02:07.209300,Q|5521||120.45|4|120.54|1||1614952927.2093|
2021-03-05 15:02:08.266100,Q|5522||120.49|10|120.54|1||1614952928.2661|
2021-03-05 15:02:08.266100,Q|5523||120.45|4|120.54|1||1614952928.2661|
2021-03-05 15:02:08.935400,Q|5524||120.5|10|120.54|1||1614952928.9354|
2021-03-05 15:02:08.980000,Q|5525||120.45|4|120.54|1||1614952928.98|
2021-03-05 15:02:08.980000,Q|5526||120.51|17|120.54|1||1614952928.98|
2021-03-05 15:02:08.980000,Q|5527||120.45|4|120.54|1||1614952928.98|
2021-03-05 15:02:09.223000,Q|5528||120.45|4|120.64|1||1614952929.223|
2021-03-05 15:02:09.223000,T|5529||120.54|1||1614952929.223|||||||||
2021-03-05 15:02:09.223000,Q|5530||120.49|19|120.64|1||1614952929.223|
2021-03-05 15:02:09.274200,Q|5531||120.45|4|120.64|1||1614952929.2742|
2021-03-05 15:02:09.453000,Q|5532||120.52|124|120.64|1||1614952929.453|
2021-03-05 15:02:09.453000,Q|5533||120.53|100|120.64|1||1614952929.453|
2021-03-05 15:02:09.453000,Q|5534||120.45|4|120.64|1||1614952929.453|
2021-03-05 15:02:09.475700,Q|5535||120.53|124|120.64|1||1614952929.4757|
2021-03-05 15:02:09.523300,Q|5536||120.45|4|120.64|1||1614952929.5233|
2021-03-05 15:02:11.099800,Q|5537||120.56|100|120.64|1||1614952931.0998|
2021-03-05 15:02:11.099800,Q|5538||120.56|110|120.64|1||1614952931.0998|
2021-03-05 15:02:11.107900,Q|5539||120.56|10|120.64|1||1614952931.1079|
2021-03-05 15:02:11.146500,Q|5540||120.45|4|120.64|1||1614952931.1465|
2021-03-05 15:02:11.647600,Q|5541||120.59|10|120.64|1||1614952931.6476|
2021-03-05 15:02:11.647600,Q|5542||120.45|4|120.64|1||1614952931.6476|
2021-03-05 15:02:16.474300,Q|5543||120.59|10|120.64|1||1614952936.4743|
2021-03-05 15:02:16.474300,Q|5544||120.59|110|120.64|1||1614952936.4743|
2021-03-05 15:02:16.474300,Q|5545||120.59|10|120.64|1||1614952936.4743|
2021-03-05 15:02:16.495200,Q|5546||120.45|4|120.64|1||1614952936.4952|
2021-03-05 15:02:17.784600,Q|5547||120.6|3|120.64|1||1614952937.7846|
2021-03-05 15:02:20.013200,Q|5548||120.6|13|120.64|1||1614952940.0132|
2021-03-05 15:02:20.013200,Q|5549||120.6|3|120.64|1||1614952940.0132|
2021-03-05 15:02:21.306800,Q|5550||120.61|10|120.64|1||1614952941.3068|
2021-03-05 15:02:21.312100,Q|5551||120.61|10|120.7|1||1614952941.3121|
2021-03-05 15:02:21.312100,T|5552||120.64|1||1614952941.3121|||||||||
2021-03-05 15:02:21.312100,Q|5553||120.62|13|120.7|1||1614952941.3121|
2021-03-05 15:02:21.321200,Q|5554||120.6|3|120.7|1||1614952941.3212|
2021-03-05 15:02:22.614200,Q|5555||120.6|3|120.68|10||1614952942.6142|
2021-03-05 15:02:22.614200,Q|5556||120.6|3|120.64|100||1614952942.6142|
2021-03-05 15:02:22.614200,Q|5557||120.6|3|120.63|111||1614952942.6142|
2021-03-05 15:02:22.631400,Q|5558||120.6|3|120.7|1||1614952942.6314|
2021-03-05 15:02:24.896700,Q|5559||120.6|20|120.7|1||1614952944.8967|
2021-03-05 15:02:24.896700,T|5560||120.65|100||1614952944.8967|||||||||
2021-03-05 15:02:24.896700,Q|5561||120.62|100|120.7|1||1614952944.8967|
2021-03-05 15:02:24.896700,Q|5562||120.6|3|120.7|1||1614952944.8967|
2021-03-05 15:02:29.070600,Q|5563||120.63|107|120.7|1||1614952949.0706|
2021-03-05 15:02:29.109900,Q|5564||120.6|3|120.7|1||1614952949.1099|
2021-03-05 15:02:29.267800,Q|5565||120.6|3|120.67|10||1614952949.2678|
2021-03-05 15:02:29.267800,Q|5566||120.6|3|120.65|200||1614952949.2678|
2021-03-05 15:02:29.267800,Q|5567||120.6|3|120.63|107||1614952949.2678|
2021-03-05 15:02:29.267800,Q|5568||120.6|3|120.62|10||1614952949.2678|
2021-03-05 15:02:29.267800,Q|5569||120.5|2|120.62|10||1614952949.2678|
2021-03-05 15:02:29.267800,T|5570||120.6|3||1614952949.2678|||||||||
2021-03-05 15:02:29.267800,Q|5571||120.5|2|120.63|107||1614952949.2678|
2021-03-05 15:02:29.267800,Q|5572||120.5|2|120.7|1||1614952949.2678|
2021-03-05 15:02:31.589700,T|5573||120.63|8||1614952951.5897|||||||||
2021-03-05 15:02:31.649500,T|5574||120.63|1||1614952951.6495|||||||||
2021-03-05 15:02:34.327000,Q|5575||120.63|10|120.7|1||1614952954.327|
2021-03-05 15:02:34.327000,Q|5576||120.5|2|120.7|1||1614952954.327|
2021-03-05 15:02:38.357800,Q|5577||120.67|10|120.7|1||1614952958.3578|
2021-03-05 15:02:38.401900,Q|5578||120.5|2|120.7|1||1614952958.4019|
2021-03-05 15:02:39.558400,Q|5579||120.5|2|120.69|10||1614952959.5584|
2021-03-05 15:02:39.595400,Q|5580||120.5|2|120.7|1||1614952959.5954|
2021-03-05 15:02:41.438800,Q|5581||120.5|4|120.7|1||1614952961.4388|
2021-03-05 15:02:42.261100,Q|5582||120.5|4|120.76|1||1614952962.2611|
2021-03-05 15:02:42.261100,T|5583||120.7|1||1614952962.2611|||||||||
2021-03-05 15:02:42.261100,Q|5584||120.6|14|120.76|1||1614952962.2611|
2021-03-05 15:02:42.261100,Q|5585||120.68|19|120.76|1||1614952962.2611|
2021-03-05 15:02:42.261100,Q|5586||120.69|10|120.76|1||1614952962.2611|
2021-03-05 15:02:42.261100,Q|5587||120.7|100|120.76|1||1614952962.2611|
2021-03-05 15:02:42.261100,Q|5588||120.69|10|120.76|1||1614952962.2611|
2021-03-05 15:02:42.261100,Q|5589||120.5|4|120.76|1||1614952962.2611|
2021-03-05 15:02:46.632800,Q|5590||120.68|16|120.76|1||1614952966.6328|
2021-03-05 15:02:46.678400,Q|5591||120.5|4|120.76|1||1614952966.6784|
2021-03-05 15:02:48.157700,Q|5592||120.68|100|120.76|1||1614952968.1577|
2021-03-05 15:02:48.157700,Q|5593||120.5|4|120.76|1||1614952968.1577|
2021-03-05 15:02:48.177800,Q|5594||120.5|4|120.74|10||1614952968.1778|
2021-03-05 15:02:48.221000,Q|5595||120.5|4|120.76|1||1614952968.221|
2021-03-05 15:02:48.970700,T|5596||120.71|2||1614952968.9707|||||||||
2021-03-05 15:02:49.107000,T|5597||120.71|1||1614952969.107|||||||||
2021-03-05 15:02:52.471700,T|5598||120.71|97||1614952972.4717|||||||||
2021-03-05 15:02:52.471700,Q|5599||120.69|16|120.76|1||1614952972.4717|
2021-03-05 15:02:52.515700,Q|5600||120.5|4|120.76|1||1614952972.5157|
2021-03-05 15:02:57.296300,Q|5601||120.68|16|120.76|1||1614952977.2963|
2021-03-05 15:02:57.346900,Q|5602||120.5|4|120.76|1||1614952977.3469|
2021-03-05 15:03:00.486600,Q|5603||120.67|1|120.76|1||1614952980.4866|
2021-03-05 15:03:01.072800,Q|5604||120.67|1|120.73|10||1614952981.0728|
2021-03-05 15:03:01.094900,Q|5605||120.67|1|120.76|1||1614952981.0949|
2021-03-05 15:03:01.639700,T|5606||120.7|99||1614952981.6397|||||||||
2021-03-05 15:03:01.639700,Q|5607||120.7|91|120.76|1||1614952981.6397|
2021-03-05 15:03:01.691800,Q|5608||120.67|1|120.76|1||1614952981.6918|
2021-03-05 15:03:03.227000,Q|5609||120.7|10|120.76|1||1614952983.227|
2021-03-05 15:03:03.227000,Q|5610||120.72|91|120.76|1||1614952983.227|
2021-03-05 15:03:03.274900,Q|5611||120.67|1|120.76|1||1614952983.2749|
2021-03-05 15:03:05.325100,Q|5612||120.69|10|120.76|1||1614952985.3251|
2021-03-05 15:03:05.325100,Q|5613||120.72|86|120.76|1||1614952985.3251|
2021-03-05 15:03:05.385500,Q|5614||120.67|1|120.76|1||1614952985.3855|
2021-03-05 15:03:05.941800,Q|5615||120.71|86|120.76|1||1614952985.9418|
2021-03-05 15:03:05.967400,Q|5616||120.67|1|120.76|1||1614952985.9674|
2021-03-05 15:03:07.767500,Q|5617||120.67|1|120.73|10||1614952987.7675|
2021-03-05 15:03:07.808100,Q|5618||120.67|1|120.76|1||1614952987.8081|
2021-03-05 15:03:10.806000,Q|5619||120.7|86|120.76|1||1614952990.806|
2021-03-05 15:03:10.823100,Q|5620||120.67|1|120.76|1||1614952990.8231|
2021-03-05 15:03:13.934600,Q|5621||120.69|10|120.76|1||1614952993.9346|
2021-03-05 15:03:13.958900,Q|5622||120.67|1|120.76|1||1614952993.9589|
2021-03-05 15:03:14.744700,Q|5623||120.73|16|120.76|1||1614952994.7447|
2021-03-05 15:03:14.744700,Q|5624||120.67|1|120.76|1||1614952994.7447|
2021-03-05 15:03:19.113600,Q|5625||120.67|1|120.89|1||1614952999.1136|
2021-03-05 15:03:19.113600,T|5626||120.76|1||1614952999.1136|||||||||
2021-03-05 15:03:19.113600,Q|5627||120.71|10|120.89|1||1614952999.1136|
2021-03-05 15:03:19.113600,Q|5628||120.67|1|120.89|1||1614952999.1136|
2021-03-05 15:03:19.193800,Q|5629||120.74|10|120.89|1||1614952999.1938|
2021-03-05 15:03:19.217000,Q|5630||120.67|1|120.89|1||1614952999.217|
2021-03-05 15:03:19.621600,Q|5631||120.75|1|120.89|1||1614952999.6216|
2021-03-05 15:03:21.727100,Q|5632||120.76|16|120.89|1||1614953001.7271|
2021-03-05 15:03:21.749500,Q|5633||120.75|1|120.89|1||1614953001.7495|
2021-03-05 15:03:21.854400,Q|5634||120.75|1|120.78|10||1614953001.8544|
2021-03-05 15:03:21.860600,Q|5635||120.75|1|120.89|1||1614953001.8606|
2021-03-05 15:03:21.945800,Q|5636||120.78|10|120.89|1||1614953001.9458|
2021-03-05 15:03:21.977300,Q|5637||120.75|1|120.89|1||1614953001.9773|
2021-03-05 15:03:22.046000,Q|5638||120.75|1|120.79|10||1614953002.046|
2021-03-05 15:03:22.080300,Q|5639||120.75|1|120.89|1||1614953002.0803|
2021-03-05 15:03:23.558400,Q|5640||120.61|3|120.89|1||1614953003.5584|
2021-03-05 15:03:24.771400,Q|5641||120.61|3|120.8|10||1614953004.7714|
2021-03-05 15:03:24.771400,Q|5642||120.61|3|120.89|1||1614953004.7714|
2021-03-05 15:03:25.748300,Q|5643||120.79|10|120.89|1||1614953005.7483|
2021-03-05 15:03:25.748300,Q|5644||120.61|3|120.89|1||1614953005.7483|
2021-03-05 15:03:27.012200,Q|5645||120.8|1|120.89|1||1614953007.0122|
2021-03-05 15:03:27.486400,Q|5646||120.81|110|120.89|1||1614953007.4864|
2021-03-05 15:03:27.486400,Q|5647||120.81|10|120.89|1||1614953007.4864|
2021-03-05 15:03:27.509800,Q|5648||120.8|1|120.89|1||1614953007.5098|
2021-03-05 15:03:28.166700,Q|5649||120.82|103|120.89|1||1614953008.1667|
2021-03-05 15:03:28.166700,Q|5650||120.84|10|120.89|1||1614953008.1667|
2021-03-05 15:03:28.194100,Q|5651||120.85|100|120.89|1||1614953008.1941|
2021-03-05 15:03:28.194100,Q|5652||120.84|10|120.89|1||1614953008.1941|
2021-03-05 15:03:28.194100,Q|5653||120.8|1|120.89|1||1614953008.1941|
2021-03-05 15:03:30.524400,Q|5654||120.61|3|120.89|1||1614953010.5244|
2021-03-05 15:03:33.038900,Q|5655||120.61|3|120.88|10||1614953013.0389|
2021-03-05 15:03:33.050100,Q|5656||120.61|3|120.89|1||1614953013.0501|
2021-03-05 15:03:34.186700,Q|5657||120.8|2|120.89|1||1614953014.1867|
2021-03-05 15:03:35.993600,Q|5658||120.86|10|120.89|1||1614953015.9936|
2021-03-05 15:03:36.005300,Q|5659||120.8|2|120.89|1||1614953016.0053|
2021-03-05 15:03:37.171800,Q|5660||120.8|2|120.88|10||1614953017.1718|
2021-03-05 15:03:37.171800,Q|5661||120.8|2|120.89|1||1614953017.1718|
2021-03-05 15:03:38.699600,Q|5662||120.8|2|120.86|17||1614953018.6996|
2021-03-05 15:03:38.699600,Q|5663||120.8|2|120.86|117||1614953018.6996|
2021-03-05 15:03:38.699600,Q|5664||120.8|2|120.86|17||1614953018.6996|
2021-03-05 15:03:38.756600,Q|5665||120.8|2|120.87|10||1614953018.7566|
2021-03-05 15:03:38.756600,Q|5666||120.8|2|120.89|1||1614953018.7566|
2021-03-05 15:03:40.012200,Q|5667||120.8|2|120.85|10||1614953020.0122|
2021-03-05 15:03:40.035300,Q|5668||120.8|2|120.89|1||1614953020.0353|
2021-03-05 15:03:40.692200,Q|5669||120.8|2|120.82|10||1614953020.6922|
2021-03-05 15:03:40.692200,Q|5670||120.8|2|120.89|1||1614953020.6922|
2021-03-05 15:03:43.393500,Q|5671||120.8|12|120.89|1||1614953023.3935|
2021-03-05 15:03:46.865100,Q|5672||120.8|12|120.82|16||1614953026.8651|
2021-03-05 15:03:46.865100,Q|5673||120.8|12|120.81|10||1614953026.8651|
2021-03-05 15:03:46.865100,Q|5674||120.61|3|120.81|10||1614953026.8651|
2021-03-05 15:03:46.926600,T|5675||120.8|10||1614953026.9266|||||||||
2021-03-05 15:03:46.926600,Q|5676||120.61|3|120.89|1||1614953026.9266|
2021-03-05 15:03:51.230300,Q|5677||120.78|10|120.89|1||1614953031.2303|
2021-03-05 15:03:51.282200,Q|5678||120.61|3|120.89|1||1614953031.2822|
2021-03-05 15:03:52.170200,Q|5679||120.61|3|120.8|10||1614953032.1702|
2021-03-05 15:03:52.170200,Q|5680||120.61|3|120.89|1||1614953032.1702|
2021-03-05 15:03:53.204500,Q|5681||120.77|133|120.89|1||1614953033.2045|
2021-03-05 15:03:53.245600,Q|5682||120.61|3|120.89|1||1614953033.2456|
2021-03-05 15:03:53.571100,Q|5683||120.75|2|120.89|1||1614953033.5711|
2021-03-05 15:03:54.146100,Q|5684||120.75|2|120.79|100||1614953034.1461|
2021-03-05 15:03:54.146100,Q|5685||120.75|2|120.79|110||1614953034.1461|
2021-03-05 15:03:54.146100,Q|5686||120.75|2|120.77|16||1614953034.1461|
2021-03-05 15:03:54.146100,Q|5687||120.61|3|120.77|16||1614953034.1461|
2021-03-05 15:03:54.146100,T|5688||120.75|2||1614953034.1461|||||||||
2021-03-05 15:03:54.146100,Q|5689||120.61|3|120.89|1||1614953034.1461|
2021-03-05 15:03:56.812000,Q|5690||120.74|10|120.89|1||1614953036.812|
2021-03-05 15:03:56.864900,Q|5691||120.61|3|120.89|1||1614953036.8649|
2021-03-05 15:03:58.345000,T|5692||120.77|2||1614953038.345|||||||||
2021-03-05 15:04:00.385800,Q|5693||120.61|3|120.79|121||1614953040.3858|
2021-03-05 15:04:00.385800,Q|5694||120.61|3|120.77|10||1614953040.3858|
2021-03-05 15:04:00.385800,Q|5695||120.61|3|120.77|110||1614953040.3858|
2021-03-05 15:04:00.450700,Q|5696||120.61|3|120.77|10||1614953040.4507|
2021-03-05 15:04:00.450700,Q|5697||120.61|3|120.89|1||1614953040.4507|
2021-03-05 15:04:00.780300,Q|5698||120.73|10|120.89|1||1614953040.7803|
2021-03-05 15:04:00.792000,T|5699||120.77|12||1614953040.792|||||||||
2021-03-05 15:04:00.809100,Q|5700||120.61|3|120.89|1||1614953040.8091|
2021-03-05 15:04:01.402300,Q|5701||120.76|1|120.89|1||1614953041.4023|
2021-03-05 15:04:01.778500,Q|5702||120.76|11|120.89|1||1614953041.7785|
2021-03-05 15:04:01.778500,Q|5703||120.76|1|120.89|1||1614953041.7785|
2021-03-05 15:04:01.778500,Q|5704||120.77|10|120.89|1||1614953041.7785|
2021-03-05 15:04:01.778500,Q|5705||120.76|1|120.89|1||1614953041.7785|
2021-03-05 15:04:02.719900,Q|5706||120.76|1|120.78|16||1614953042.7199|
2021-03-05 15:04:02.736700,Q|5707||120.76|1|120.89|1||1614953042.7367|
2021-03-05 15:04:03.655700,Q|5708||120.61|3|120.89|1||1614953043.6557|
2021-03-05 15:04:03.655700,T|5709||120.76|1||1614953043.6557|||||||||
2021-03-05 15:04:03.655700,Q|5710||120.61|3|120.83|6||1614953043.6557|
2021-03-05 15:04:03.713700,Q|5711||120.61|3|120.89|1||1614953043.7137|
2021-03-05 15:04:04.269500,Q|5712||120.75|2|120.89|1||1614953044.2695|
2021-03-05 15:04:06.850500,Q|5713||120.75|2|120.77|10||1614953046.8505|
2021-03-05 15:04:06.893600,Q|5714||120.75|2|120.89|1||1614953046.8936|
2021-03-05 15:04:10.345700,Q|5715||120.75|2|120.77|10||1614953050.3457|
2021-03-05 15:04:10.396100,Q|5716||120.75|2|120.89|1||1614953050.3961|
2021-03-05 15:04:11.398400,Q|5717||120.69|3|120.89|1||1614953051.3984|
2021-03-05 15:04:11.398400,T|5718||120.75|2||1614953051.3984|||||||||
2021-03-05 15:04:11.398400,Q|5719||120.69|3|120.82|5||1614953051.3984|
2021-03-05 15:04:11.428500,Q|5720||120.69|3|120.89|1||1614953051.4285|
2021-03-05 15:04:12.422900,Q|5721||120.69|3|120.78|10||1614953052.4229|
2021-03-05 15:04:12.443300,Q|5722||120.69|3|120.89|1||1614953052.4433|
2021-03-05 15:04:14.684700,Q|5723||120.75|113|120.89|1||1614953054.6847|
2021-03-05 15:04:14.721300,Q|5724||120.69|3|120.89|1||1614953054.7213|
2021-03-05 15:04:19.709400,Q|5725||120.69|3|120.78|10||1614953059.7094|
2021-03-05 15:04:19.709400,Q|5726||120.69|3|120.89|1||1614953059.7094|
2021-03-05 15:04:21.593800,Q|5727||120.76|17|120.89|1||1614953061.5938|
2021-03-05 15:04:21.593800,Q|5728||120.69|3|120.89|1||1614953061.5938|
2021-03-05 15:04:23.002800,Q|5729||120.69|3|120.78|10||1614953063.0028|
2021-03-05 15:04:23.002800,Q|5730||120.69|3|120.89|1||1614953063.0028|
2021-03-05 15:04:24.058200,Q|5731||120.69|3|120.76|10||1614953064.0582|
2021-03-05 15:04:24.081500,Q|5732||120.69|3|120.89|1||1614953064.0815|
2021-03-05 15:04:27.570700,Q|5733||120.74|100|120.89|1||1614953067.5707|
2021-03-05 15:04:27.570700,Q|5734||120.69|3|120.89|1||1614953067.5707|
2021-03-05 15:04:27.601900,Q|5735||120.74|10|120.89|1||1614953067.6019|
2021-03-05 15:04:27.622100,Q|5736||120.69|3|120.89|1||1614953067.6221|
2021-03-05 15:04:30.597500,Q|5737||120.69|3|120.77|16||1614953070.5975|
2021-03-05 15:04:30.638500,Q|5738||120.69|3|120.89|1||1614953070.6385|
2021-03-05 15:04:31.156200,Q|5739||120.69|3|120.75|10||1614953071.1562|
2021-03-05 15:04:31.191800,Q|5740||120.69|3|120.89|1||1614953071.1918|
2021-03-05 15:04:31.301100,Q|5741||120.61|3|120.89|1||1614953071.3011|
2021-03-05 15:04:32.310800,Q|5742||120.75|1|120.89|1||1614953072.3108|
2021-03-05 15:04:32.310800,Q|5743||120.61|3|120.89|1||1614953072.3108|
2021-03-05 15:04:32.310800,T|5744||120.75|1||1614953072.3108|||||||||
2021-03-05 15:04:32.310800,Q|5745||120.61|3|120.82|4||1614953072.3108|
2021-03-05 15:04:32.359100,Q|5746||120.61|3|120.89|1||1614953072.3591|
2021-03-05 15:04:34.327300,Q|5747||120.61|3|120.74|10||1614953074.3273|
2021-03-05 15:04:34.361500,Q|5748||120.61|3|120.89|1||1614953074.3615|
2021-03-05 15:04:36.280600,T|5749||120.71|100||1614953076.2806|||||||||
2021-03-05 15:04:38.754500,Q|5750||120.5|2|120.89|1||1614953078.7545|
2021-03-05 15:04:39.578900,Q|5751||120.7|10|120.89|1||1614953079.5789|
2021-03-05 15:04:43.077600,Q|5752||120.71|17|120.89|1||1614953083.0776|
2021-03-05 15:04:43.077600,Q|5753||120.7|10|120.89|1||1614953083.0776|
2021-03-05 15:04:43.952700,Q|5754||120.7|10|120.72|10||1614953083.9527|
2021-03-05 15:04:44.018700,Q|5755||120.7|10|120.89|1||1614953084.0187|
2021-03-05 15:04:44.675100,Q|5756||120.7|10|120.72|10||1614953084.6751|
2021-03-05 15:04:44.692800,Q|5757||120.7|10|120.89|1||1614953084.6928|
2021-03-05 15:04:45.946100,Q|5758||120.7|10|120.72|10||1614953085.9461|
2021-03-05 15:04:46.004300,Q|5759||120.7|10|120.89|1||1614953086.0043|
2021-03-05 15:04:46.976700,Q|5760||120.7|85|120.89|1||1614953086.9767|
2021-03-05 15:04:48.192100,Q|5761||120.5|2|120.89|1||1614953088.1921|
2021-03-05 15:04:48.192100,T|5762||120.7|75||1614953088.1921|||||||||
2021-03-05 15:04:48.192100,Q|5763||120.5|2|120.71|10||1614953088.1921|
2021-03-05 15:04:48.258100,Q|5764||120.5|2|120.8|4||1614953088.2581|
2021-03-05 15:04:48.258100,Q|5765||120.5|2|120.89|1||1614953088.2581|
2021-03-05 15:04:51.492100,Q|5766||120.67|10|120.89|1||1614953091.4921|
2021-03-05 15:04:51.492100,Q|5767||120.68|100|120.89|1||1614953091.4921|
2021-03-05 15:04:51.492100,Q|5768||120.67|10|120.89|1||1614953091.4921|
2021-03-05 15:04:51.500100,Q|5769||120.5|2|120.89|1||1614953091.5001|
2021-03-05 15:04:52.378800,Q|5770||120.5|2|120.68|16||1614953092.3788|
2021-03-05 15:04:52.378800,Q|5771||120.5|2|120.89|1||1614953092.3788|
2021-03-05 15:04:52.378800,Q|5772||120.5|2|120.68|17||1614953092.3788|
2021-03-05 15:04:52.378800,Q|5773||120.5|2|120.68|27||1614953092.3788|
2021-03-05 15:04:52.378800,Q|5774||120.5|2|120.68|10||1614953092.3788|
2021-03-05 15:04:52.378800,Q|5775||120.5|2|120.89|1||1614953092.3788|
2021-03-05 15:04:54.477300,Q|5776||120.5|2|120.71|140||1614953094.4773|
2021-03-05 15:04:56.774700,Q|5777||120.65|2|120.71|140||1614953096.7747|
2021-03-05 15:04:58.659100,Q|5778||120.66|1|120.71|140||1614953098.6591|
2021-03-05 15:04:58.953000,Q|5779||120.65|2|120.71|140||1614953098.953|
2021-03-05 15:04:58.953000,T|5780||120.66|1||1614953098.953|||||||||
2021-03-05 15:04:58.953000,Q|5781||120.65|2|120.69|5||1614953098.953|
2021-03-05 15:04:58.981200,Q|5782||120.65|2|120.71|140||1614953098.9812|
2021-03-05 15:05:00.849500,Q|5783||120.5|2|120.71|140||1614953100.8495|
2021-03-05 15:05:00.849500,T|5784||120.65|2||1614953100.8495|||||||||
2021-03-05 15:05:00.849500,Q|5785||120.5|2|120.68|5||1614953100.8495|
2021-03-05 15:05:00.868200,Q|5786||120.5|2|120.71|140||1614953100.8682|
2021-03-05 15:05:03.887400,Q|5787||120.67|17|120.71|140||1614953103.8874|
2021-03-05 15:05:03.887400,Q|5788||120.68|10|120.71|140||1614953103.8874|
2021-03-05 15:05:03.931000,Q|5789||120.5|2|120.71|140||1614953103.931|
2021-03-05 15:05:03.988900,Q|5790||120.5|2|120.71|40||1614953103.9889|
2021-03-05 15:05:03.988900,T|5791||120.71|100||1614953103.9889|||||||||
2021-03-05 15:05:04.199500,Q|5792||120.5|2|120.71|30||1614953104.1995|
2021-03-05 15:05:04.199500,T|5793||120.71|10||1614953104.1995|||||||||
2021-03-05 15:05:04.949900,Q|5794||120.5|2|120.89|1||1614953104.9499|
2021-03-05 15:05:04.949900,T|5795||120.71|30||1614953104.9499|||||||||
2021-03-05 15:05:04.949900,Q|5796||120.55|100|120.89|1||1614953104.9499|
2021-03-05 15:05:04.949900,Q|5797||120.6|5|120.89|1||1614953104.9499|
2021-03-05 15:05:05.001700,Q|5798||120.5|2|120.89|1||1614953105.0017|
2021-03-05 15:05:07.180600,Q|5799||120.7|10|120.89|1||1614953107.1806|
2021-03-05 15:05:07.233200,Q|5800||120.5|2|120.89|1||1614953107.2332|
2021-03-05 15:05:09.400400,Q|5801||120.6|4|120.89|1||1614953109.4004|
2021-03-05 15:05:11.615000,Q|5802||120.71|16|120.89|1||1614953111.615|
2021-03-05 15:05:11.635900,Q|5803||120.6|4|120.89|1||1614953111.6359|
2021-03-05 15:05:15.878100,Q|5804||120.66|10|120.89|1||1614953115.8781|
2021-03-05 15:05:16.749600,Q|5805||120.71|10|120.89|1||1614953116.7496|
2021-03-05 15:05:16.749600,Q|5806||120.66|10|120.89|1||1614953116.7496|
2021-03-05 15:05:16.793300,Q|5807||120.73|10|120.89|1||1614953116.7933|
2021-03-05 15:05:16.793300,Q|5808||120.66|10|120.89|1||1614953116.7933|
2021-03-05 15:05:23.049100,Q|5809||120.66|10|120.74|10||1614953123.0491|
2021-03-05 15:05:23.049100,Q|5810||120.66|10|120.89|1||1614953123.0491|
2021-03-05 15:05:24.668300,Q|5811||120.73|19|120.89|1||1614953124.6683|
2021-03-05 15:05:24.696200,Q|5812||120.66|10|120.89|1||1614953124.6962|
2021-03-05 15:05:24.756300,Q|5813||120.74|19|120.89|1||1614953124.7563|
2021-03-05 15:05:24.756300,Q|5814||120.75|10|120.89|1||1614953124.7563|
2021-03-05 15:05:24.756300,Q|5815||120.74|19|120.89|1||1614953124.7563|
2021-03-05 15:05:24.756300,Q|5816||120.66|10|120.89|1||1614953124.7563|
2021-03-05 15:05:24.782900,Q|5817||120.66|10|120.78|10||1614953124.7829|
2021-03-05 15:05:24.782900,Q|5818||120.66|10|120.77|10||1614953124.7829|
2021-03-05 15:05:24.782900,Q|5819||120.66|10|120.89|1||1614953124.7829|
2021-03-05 15:05:26.680900,Q|5820||120.72|100|120.89|1||1614953126.6809|
2021-03-05 15:05:26.680900,Q|5821||120.73|10|120.89|1||1614953126.6809|
2021-03-05 15:05:26.680900,Q|5822||120.72|200|120.89|1||1614953126.6809|
2021-03-05 15:05:26.680900,Q|5823||120.72|100|120.89|1||1614953126.6809|
2021-03-05 15:05:26.680900,Q|5824||120.66|10|120.89|1||1614953126.6809|
2021-03-05 15:05:26.711500,Q|5825||120.66|10|120.77|10||1614953126.7115|
2021-03-05 15:05:26.733600,Q|5826||120.66|10|120.89|1||1614953126.7336|
2021-03-05 15:05:28.319100,Q|5827||120.66|10|120.76|10||1614953128.3191|
2021-03-05 15:05:28.319100,Q|5828||120.66|10|120.89|1||1614953128.3191|
2021-03-05 15:05:29.089400,Q|5829||120.73|10|120.89|1||1614953129.0894|
2021-03-05 15:05:29.089400,Q|5830||120.74|19|120.89|1||1614953129.0894|
2021-03-05 15:05:29.089400,Q|5831||120.73|10|120.89|1||1614953129.0894|
2021-03-05 15:05:29.120500,Q|5832||120.66|10|120.89|1||1614953129.1205|
2021-03-05 15:05:29.143500,Q|5833||120.75|100|120.89|1||1614953129.1435|
2021-03-05 15:05:29.143500,Q|5834||120.75|110|120.89|1||1614953129.1435|
2021-03-05 15:05:29.143500,Q|5835||120.75|100|120.89|1||1614953129.1435|
2021-03-05 15:05:29.143500,Q|5836||120.66|10|120.89|1||1614953129.1435|
2021-03-05 15:05:29.143500,Q|5837||120.66|10|120.77|10||1614953129.1435|
2021-03-05 15:05:29.180000,Q|5838||120.66|10|120.89|1||1614953129.18|
2021-03-05 15:05:30.161900,Q|5839||120.72|100|120.89|1||1614953130.1619|
2021-03-05 15:05:30.161900,Q|5840||120.73|78|120.89|1||1614953130.1619|
2021-03-05 15:05:30.182200,Q|5841||120.66|10|120.89|1||1614953130.1822|
2021-03-05 15:05:32.860100,Q|5842||120.74|78|120.89|1||1614953132.8601|
2021-03-05 15:05:32.860100,Q|5843||120.74|78|120.77|10||1614953132.8601|
2021-03-05 15:05:32.860100,Q|5844||120.66|10|120.77|10||1614953132.8601|
2021-03-05 15:05:32.881200,Q|5845||120.66|10|120.89|1||1614953132.8812|
2021-03-05 15:05:36.109500,Q|5846||120.73|10|120.89|1||1614953136.1095|
2021-03-05 15:05:36.144800,Q|5847||120.66|10|120.89|1||1614953136.1448|
2021-03-05 15:05:49.612700,Q|5848||120.75|10|120.89|1||1614953149.6127|
2021-03-05 15:05:49.612700,Q|5849||120.66|10|120.89|1||1614953149.6127|
2021-03-05 15:05:49.612700,Q|5850||120.66|10|120.77|10||1614953149.6127|
2021-03-05 15:05:49.660900,Q|5851||120.66|10|120.89|1||1614953149.6609|
2021-03-05 15:05:50.653400,Q|5852||120.7|4|120.89|1||1614953150.6534|
2021-03-05 15:05:51.009000,Q|5853||120.73|10|120.89|1||1614953151.009|
2021-03-05 15:05:51.009000,Q|5854||120.72|200|120.89|1||1614953151.009|
2021-03-05 15:05:51.009000,Q|5855||120.72|100|120.89|1||1614953151.009|
2021-03-05 15:05:51.009000,Q|5856||120.7|4|120.89|1||1614953151.009|
2021-03-05 15:05:51.816000,Q|5857||120.7|4|120.78|10||1614953151.816|
2021-03-05 15:05:51.828600,Q|5858||120.7|4|120.89|1||1614953151.8286|
2021-03-05 15:05:52.658100,T|5859||120.75|59||1614953152.6581|||||||||
2021-03-05 15:05:55.714800,Q|5860||120.75|10|120.89|1||1614953155.7148|
2021-03-05 15:05:55.714800,Q|5861||120.7|4|120.89|1||1614953155.7148|
2021-03-05 15:05:55.714800,Q|5862||120.7|4|120.78|19||1614953155.7148|
2021-03-05 15:05:55.714800,Q|5863||120.7|4|120.78|119||1614953155.7148|
2021-03-05 15:05:55.714800,Q|5864||120.7|4|120.77|10||1614953155.7148|
2021-03-05 15:05:55.732900,Q|5865||120.7|4|120.89|1||1614953155.7329|
2021-03-05 15:06:00.900300,Q|5866||120.75|10|120.89|1||1614953160.9003|
2021-03-05 15:06:00.900300,Q|5867||120.7|4|120.89|1||1614953160.9003|
2021-03-05 15:06:00.900300,Q|5868||120.7|4|120.78|10||1614953160.9003|
2021-03-05 15:06:00.925800,Q|5869||120.7|4|120.89|1||1614953160.9258|
2021-03-05 15:06:01.701000,Q|5870||120.7|4|120.76|10||1614953161.701|
2021-03-05 15:06:01.770800,Q|5871||120.7|4|120.89|1||1614953161.7708|
2021-03-05 15:06:03.498800,Q|5872||120.7|4|120.74|10||1614953163.4988|
2021-03-05 15:06:03.542700,Q|5873||120.7|4|120.89|1||1614953163.5427|
2021-03-05 15:06:04.444900,Q|5874||120.73|10|120.89|1||1614953164.4449|
2021-03-05 15:06:04.480200,Q|5875||120.7|4|120.89|1||1614953164.4802|
2021-03-05 15:06:06.034500,Q|5876||120.7|4|120.75|19||1614953166.0345|
2021-03-05 15:06:06.034500,Q|5877||120.7|4|120.75|29||1614953166.0345|
2021-03-05 15:06:06.073500,Q|5878||120.7|4|120.75|10||1614953166.0735|
2021-03-05 15:06:06.073500,Q|5879||120.7|4|120.89|1||1614953166.0735|
2021-03-05 15:06:12.443700,Q|5880||120.7|5|120.89|1||1614953172.4437|
2021-03-05 15:06:12.735900,Q|5881||120.7|5|120.77|7||1614953172.7359|
2021-03-05 15:06:16.299300,Q|5882||120.74|10|120.77|7||1614953176.2993|
2021-03-05 15:06:16.299300,Q|5883||120.74|110|120.77|7||1614953176.2993|
2021-03-05 15:06:16.299300,Q|5884||120.74|100|120.77|7||1614953176.2993|
2021-03-05 15:06:16.316600,Q|5885||120.7|5|120.77|7||1614953176.3166|
2021-03-05 15:06:25.298900,Q|5886||120.7|5|120.75|10||1614953185.2989|
2021-03-05 15:06:25.333200,Q|5887||120.7|5|120.77|7||1614953185.3332|
2021-03-05 15:06:27.538800,Q|5888||120.7|5|120.74|10||1614953187.5388|
2021-03-05 15:06:27.576900,Q|5889||120.7|5|120.77|7||1614953187.5769|
2021-03-05 15:06:27.576900,Q|5890||120.72|19|120.77|7||1614953187.5769|
2021-03-05 15:06:27.576900,Q|5891||120.7|5|120.77|7||1614953187.5769|
2021-03-05 15:06:28.094900,T|5892||120.72|5||1614953188.0949|||||||||
2021-03-05 15:06:28.094900,Q|5893||120.7|5|120.74|17||1614953188.0949|
2021-03-05 15:06:28.094900,Q|5894||120.7|5|120.74|117||1614953188.0949|
2021-03-05 15:06:28.094900,Q|5895||120.7|5|120.74|127||1614953188.0949|
2021-03-05 15:06:28.094900,Q|5896||120.7|5|120.74|427||1614953188.0949|
2021-03-05 15:06:28.094900,Q|5897||120.7|5|120.74|327||1614953188.0949|
2021-03-05 15:06:28.094900,Q|5898||120.7|5|120.74|227||1614953188.0949|
2021-03-05 15:06:28.094900,Q|5899||120.7|5|120.74|127||1614953188.0949|
2021-03-05 15:06:28.094900,Q|5900||120.7|5|120.74|27||1614953188.0949|
2021-03-05 15:06:28.094900,Q|5901||120.7|5|120.74|10||1614953188.0949|
2021-03-05 15:06:28.094900,Q|5902||120.64|1|120.74|10||1614953188.0949|
2021-03-05 15:06:28.094900,T|5903||120.7|1||1614953188.0949|||||||||
2021-03-05 15:06:28.094900,Q|5904||120.64|1|120.72|2||1614953188.0949|
2021-03-05 15:06:28.094900,Q|5905||120.64|1|120.77|7||1614953188.0949|
2021-03-05 15:06:30.900000,Q|5906||120.64|1|120.68|17||1614953190.9|
2021-03-05 15:06:30.900000,Q|5907||120.64|1|120.68|27||1614953190.9|
2021-03-05 15:06:30.900000,Q|5908||120.64|1|120.68|10||1614953190.9|
2021-03-05 15:06:30.900000,Q|5909||120.64|1|120.77|7||1614953190.9|
2021-03-05 15:06:33.896000,Q|5910||120.62|1|120.77|7||1614953193.896|
2021-03-05 15:06:33.896000,T|5911||120.64|1||1614953193.896|||||||||
2021-03-05 15:06:33.896000,Q|5912||120.62|1|120.71|2||1614953193.896|
2021-03-05 15:06:33.896000,Q|5913||120.62|1|120.65|10||1614953193.896|
2021-03-05 15:06:33.896000,Q|5914||120.6|3|120.65|10||1614953193.896|
2021-03-05 15:06:33.896000,T|5915||120.62|1||1614953193.896|||||||||
2021-03-05 15:06:33.896000,Q|5916||120.6|3|120.63|66||1614953193.896|
2021-03-05 15:06:33.896000,Q|5917||120.5|2|120.63|66||1614953193.896|
2021-03-05 15:06:33.896000,T|5918||120.6|3||1614953193.896|||||||||
2021-03-05 15:06:33.896000,Q|5919||120.5|2|120.62|100||1614953193.896|
2021-03-05 15:06:33.896000,Q|5920||120.5|2|120.63|66||1614953193.896|
2021-03-05 15:06:33.896000,Q|5921||120.5|2|120.71|2||1614953193.896|
2021-03-05 15:06:33.896000,Q|5922||120.5|2|120.77|7||1614953193.896|
2021-03-05 15:06:33.999700,Q|5923||120.5|2|120.59|10||1614953193.9997|
2021-03-05 15:06:34.051300,Q|5924||120.5|2|120.77|7||1614953194.0513|
2021-03-05 15:06:36.698000,Q|5925||120.5|2|120.57|10||1614953196.698|
2021-03-05 15:06:36.698000,Q|5926||120.5|2|120.55|16||1614953196.698|
2021-03-05 15:06:36.719200,Q|5927||120.5|2|120.77|7||1614953196.7192|
2021-03-05 15:06:37.811000,Q|5928||120.53|10|120.77|7||1614953197.811|
2021-03-05 15:06:37.811000,Q|5929||120.54|100|120.77|7||1614953197.811|
2021-03-05 15:06:37.811000,Q|5930||120.54|200|120.77|7||1614953197.811|
2021-03-05 15:06:37.811000,Q|5931||120.54|100|120.77|7||1614953197.811|
2021-03-05 15:06:37.844500,Q|5932||120.5|2|120.77|7||1614953197.8445|
2021-03-05 15:06:37.887500,Q|5933||120.5|2|120.57|10||1614953197.8875|
2021-03-05 15:06:37.927100,Q|5934||120.5|2|120.77|7||1614953197.9271|
2021-03-05 15:06:37.948500,Q|5935||120.54|10|120.77|7||1614953197.9485|
2021-03-05 15:06:37.948500,Q|5936||120.53|300|120.77|7||1614953197.9485|
2021-03-05 15:06:37.948500,Q|5937||120.53|200|120.77|7||1614953197.9485|
2021-03-05 15:06:37.948500,Q|5938||120.53|100|120.77|7||1614953197.9485|
2021-03-05 15:06:37.948500,Q|5939||120.5|2|120.77|7||1614953197.9485|
2021-03-05 15:06:39.450400,Q|5940||120.58|10|120.77|7||1614953199.4504|
2021-03-05 15:06:39.450400,Q|5941||120.5|2|120.77|7||1614953199.4504|
2021-03-05 15:06:54.874300,Q|5942||120.65|20|120.77|7||1614953214.8743|
2021-03-05 15:06:58.278100,Q|5943||120.67|10|120.77|7||1614953218.2781|
2021-03-05 15:06:58.315100,Q|5944||120.65|20|120.77|7||1614953218.3151|
2021-03-05 15:06:59.496900,Q|5945||120.67|10|120.77|7||1614953219.4969|
2021-03-05 15:06:59.496900,Q|5946||120.66|200|120.77|7||1614953219.4969|
2021-03-05 15:06:59.496900,Q|5947||120.68|16|120.77|7||1614953219.4969|
2021-03-05 15:06:59.496900,Q|5948||120.66|200|120.77|7||1614953219.4969|
2021-03-05 15:06:59.496900,Q|5949||120.66|100|120.77|7||1614953219.4969|
2021-03-05 15:06:59.496900,Q|5950||120.65|20|120.77|7||1614953219.4969|
2021-03-05 15:06:59.587500,Q|5951||120.67|10|120.77|7||1614953219.5875|
2021-03-05 15:06:59.587500,Q|5952||120.66|200|120.77|7||1614953219.5875|
2021-03-05 15:06:59.587500,Q|5953||120.66|100|120.77|7||1614953219.5875|
2021-03-05 15:06:59.587500,Q|5954||120.65|20|120.77|7||1614953219.5875|
2021-03-05 15:06:59.841600,Q|5955||120.5|2|120.77|7||1614953219.8416|
2021-03-05 15:07:01.006000,Q|5956||120.65|5|120.77|7||1614953221.006|
2021-03-05 15:07:03.237700,Q|5957||120.67|10|120.77|7||1614953223.2377|
2021-03-05 15:07:03.286200,Q|5958||120.66|200|120.77|7||1614953223.2862|
2021-03-05 15:07:03.286200,Q|5959||120.66|100|120.77|7||1614953223.2862|
2021-03-05 15:07:03.286200,Q|5960||120.68|10|120.77|7||1614953223.2862|
2021-03-05 15:07:03.286200,Q|5961||120.67|100|120.77|7||1614953223.2862|
2021-03-05 15:07:03.286200,Q|5962||120.65|5|120.77|7||1614953223.2862|
2021-03-05 15:07:03.835900,Q|5963||120.66|100|120.77|7||1614953223.8359|
2021-03-05 15:07:03.835900,Q|5964||120.66|200|120.77|7||1614953223.8359|
2021-03-05 15:07:03.835900,Q|5965||120.66|100|120.77|7||1614953223.8359|
2021-03-05 15:07:03.835900,Q|5966||120.68|10|120.77|7||1614953223.8359|
2021-03-05 15:07:03.835900,Q|5967||120.67|100|120.77|7||1614953223.8359|
2021-03-05 15:07:03.835900,Q|5968||120.65|5|120.77|7||1614953223.8359|
2021-03-05 15:07:09.421400,Q|5969||120.67|10|120.77|7||1614953229.4214|
2021-03-05 15:07:09.435800,Q|5970||120.65|5|120.77|7||1614953229.4358|
2021-03-05 15:07:12.253800,Q|5971||120.68|10|120.77|7||1614953232.2538|
2021-03-05 15:07:12.253800,Q|5972||120.65|5|120.77|7||1614953232.2538|
2021-03-05 15:07:16.970300,Q|5973||120.68|10|120.77|7||1614953236.9703|
2021-03-05 15:07:17.009100,Q|5974||120.65|5|120.77|7||1614953237.0091|
2021-03-05 15:07:19.451200,Q|5975||120.65|5|120.7|2||1614953239.4512|
2021-03-05 15:07:20.353100,Q|5976||120.67|1|120.7|2||1614953240.3531|
2021-03-05 15:07:22.743900,Q|5977||120.67|1|120.77|7||1614953242.7439|
2021-03-05 15:07:22.743900,T|5978||120.7|2||1614953242.7439|||||||||
2021-03-05 15:07:22.743900,Q|5979||120.68|2|120.77|7||1614953242.7439|
2021-03-05 15:07:22.743900,Q|5980||120.69|10|120.77|7||1614953242.7439|
2021-03-05 15:07:22.743900,Q|5981||120.68|2|120.77|7||1614953242.7439|
2021-03-05 15:07:22.743900,Q|5982||120.67|1|120.77|7||1614953242.7439|
2021-03-05 15:07:22.743900,Q|5983||120.67|1|120.72|10||1614953242.7439|
2021-03-05 15:07:22.743900,Q|5984||120.67|1|120.77|7||1614953242.7439|
2021-03-05 15:07:25.285400,Q|5985||120.67|1|120.72|63||1614953245.2854|
2021-03-05 15:07:25.285400,Q|5986||120.67|1|120.7|10||1614953245.2854|
2021-03-05 15:07:25.323000,Q|5987||120.67|1|120.77|7||1614953245.323|
2021-03-05 15:07:25.387800,Q|5988||120.67|1|120.69|10||1614953245.3878|
2021-03-05 15:07:25.440100,Q|5989||120.67|1|120.77|7||1614953245.4401|
2021-03-05 15:07:29.351100,Q|5990||120.65|5|120.77|7||1614953249.3511|
2021-03-05 15:07:29.351100,T|5991||120.67|1||1614953249.3511|||||||||
2021-03-05 15:07:29.351100,Q|5992||120.65|5|120.72|2||1614953249.3511|
2021-03-05 15:07:29.351100,Q|5993||120.65|5|120.77|7||1614953249.3511|
2021-03-05 15:07:29.539800,Q|5994||120.65|5|120.67|10||1614953249.5398|
2021-03-05 15:07:29.546200,Q|5995||120.65|5|120.77|7||1614953249.5462|
2021-03-05 15:07:30.393300,Q|5996||120.5|3|120.77|7||1614953250.3933|
2021-03-05 15:07:30.393300,T|5997||120.65|5||1614953250.3933|||||||||
2021-03-05 15:07:30.393300,Q|5998||120.5|3|120.71|2||1614953250.3933|
2021-03-05 15:07:30.393300,Q|5999||120.5|3|120.65|10||1614953250.3933|
2021-03-05 15:07:30.442500,Q|6000||120.5|3|120.77|7||1614953250.4425|
2021-03-05 15:07:35.937000,Q|6001||120.62|10|120.77|7||1614953255.937|
2021-03-05 15:07:35.985900,Q|6002||120.5|3|120.77|7||1614953255.9859|
2021-03-05 15:07:38.182800,Q|6003||120.6|38|120.77|7||1614953258.1828|
2021-03-05 15:07:41.511500,Q|6004||120.6|38|120.63|10||1614953261.5115|
2021-03-05 15:07:41.511500,Q|6005||120.6|38|120.64|100||1614953261.5115|
2021-03-05 15:07:41.511500,Q|6006||120.6|38|120.77|7||1614953261.5115|
2021-03-05 15:07:41.591400,Q|6007||120.6|38|120.62|10||1614953261.5914|
2021-03-05 15:07:41.591400,Q|6008||120.6|38|120.77|7||1614953261.5914|
2021-03-05 15:07:42.308500,Q|6009||120.62|65|120.77|7||1614953262.3085|
2021-03-05 15:07:42.308500,Q|6010||120.6|38|120.77|7||1614953262.3085|
2021-03-05 15:07:42.906500,Q|6011||120.6|38|120.63|10||1614953262.9065|
2021-03-05 15:07:42.933000,Q|6012||120.6|38|120.77|7||1614953262.933|
2021-03-05 15:07:50.370300,Q|6013||120.61|10|120.77|7||1614953270.3703|
2021-03-05 15:07:50.422700,Q|6014||120.6|38|120.77|7||1614953270.4227|
2021-03-05 15:07:50.637900,Q|6015||120.6|35|120.77|7||1614953270.6379|
2021-03-05 15:07:50.637900,T|6016||120.6|3||1614953270.6379|||||||||
2021-03-05 15:07:50.660800,Q|6017||120.5|7|120.77|7||1614953270.6608|
2021-03-05 15:07:50.660800,T|6018||120.6|35||1614953270.6608|||||||||
2021-03-05 15:07:50.660800,Q|6019||120.5|7|120.69|2||1614953270.6608|
2021-03-05 15:07:50.695400,Q|6020||120.5|7|120.77|7||1614953270.6954|
2021-03-05 15:07:53.045500,Q|6021||120.5|11|120.77|7||1614953273.0455|
2021-03-05 15:07:53.727000,Q|6022||120.59|10|120.77|7||1614953273.727|
2021-03-05 15:07:53.756800,Q|6023||120.5|11|120.77|7||1614953273.7568|
2021-03-05 15:07:55.006300,Q|6024||120.59|10|120.77|7||1614953275.0063|
2021-03-05 15:07:55.044100,Q|6025||120.5|11|120.77|7||1614953275.0441|
2021-03-05 15:07:57.834400,Q|6026||120.61|10|120.77|7||1614953277.8344|
2021-03-05 15:07:57.864700,Q|6027||120.5|11|120.77|7||1614953277.8647|
2021-03-05 15:08:02.272100,Q|6028||120.62|58|120.77|7||1614953282.2721|
2021-03-05 15:08:02.272100,Q|6029||120.5|11|120.77|7||1614953282.2721|
2021-03-05 15:08:04.354100,Q|6030||120.5|12|120.77|7||1614953284.3541|
2021-03-05 15:08:06.758300,Q|6031||120.65|1|120.77|7||1614953286.7583|
2021-03-05 15:08:08.026700,Q|6032||120.5|13|120.77|7||1614953288.0267|
2021-03-05 15:08:08.026700,T|6033||120.65|1||1614953288.0267|||||||||
2021-03-05 15:08:08.026700,Q|6034||120.5|13|120.71|2||1614953288.0267|
2021-03-05 15:08:08.026700,Q|6035||120.5|13|120.77|7||1614953288.0267|
2021-03-05 15:08:09.377900,Q|6036||120.5|13|120.63|10||1614953289.3779|
2021-03-05 15:08:09.393600,Q|6037||120.5|13|120.77|7||1614953289.3936|
2021-03-05 15:08:12.224200,Q|6038||120.5|13|120.65|5||1614953292.2242|
2021-03-05 15:08:14.289300,Q|6039||120.6|10|120.65|5||1614953294.2893|
2021-03-05 15:08:16.089400,T|6040||120.61|10||1614953296.0894|||||||||
2021-03-05 15:08:16.089400,Q|6041||120.5|13|120.65|5||1614953296.0894|
2021-03-05 15:08:16.089400,T|6042||120.6|10||1614953296.0894|||||||||
2021-03-05 15:08:16.089400,Q|6043||120.5|13|120.63|2||1614953296.0894|
2021-03-05 15:08:16.089400,Q|6044||120.5|13|120.62|10||1614953296.0894|
2021-03-05 15:08:16.175000,Q|6045||120.5|13|120.65|5||1614953296.175|
2021-03-05 15:08:20.129400,Q|6046||120.5|13|120.59|10||1614953300.1294|
2021-03-05 15:08:20.164300,Q|6047||120.5|13|120.65|5||1614953300.1643|
2021-03-05 15:08:27.560800,Q|6048||120.5|13|120.6|10||1614953307.5608|
2021-03-05 15:08:27.593400,Q|6049||120.5|13|120.65|5||1614953307.5934|
2021-03-05 15:08:32.253300,Q|6050||120.5|13|120.58|7||1614953312.2533|
2021-03-05 15:08:32.253300,Q|6051||120.5|13|120.58|17||1614953312.2533|
2021-03-05 15:08:32.270700,Q|6052||120.5|13|120.57|100||1614953312.2707|
2021-03-05 15:08:32.270700,Q|6053||120.5|13|120.58|10||1614953312.2707|
2021-03-05 15:08:32.278300,Q|6054||120.5|13|120.65|5||1614953312.2783|
2021-03-05 15:08:33.685400,Q|6055||120.54|53|120.65|5||1614953313.6854|
2021-03-05 15:08:33.720900,Q|6056||120.5|13|120.65|5||1614953313.7209|
2021-03-05 15:08:36.037900,Q|6057||120.55|6|120.65|5||1614953316.0379|
2021-03-05 15:08:37.706000,Q|6058||120.55|64|120.65|5||1614953317.706|
2021-03-05 15:08:37.706000,Q|6059||120.55|6|120.65|5||1614953317.706|
2021-03-05 15:08:38.104000,Q|6060||120.57|100|120.65|5||1614953318.104|
2021-03-05 15:08:38.104000,Q|6061||120.58|10|120.65|5||1614953318.104|
2021-03-05 15:08:38.104000,Q|6062||120.57|100|120.65|5||1614953318.104|
2021-03-05 15:08:38.104000,Q|6063||120.55|6|120.65|5||1614953318.104|
2021-03-05 15:08:38.784000,T|6064||120.64|5||1614953318.784|||||||||
2021-03-05 15:08:38.784000,Q|6065||120.58|58|120.65|5||1614953318.784|
2021-03-05 15:08:38.801600,Q|6066||120.58|58|120.77|7||1614953318.8016|
2021-03-05 15:08:38.801600,T|6067||120.65|5||1614953318.8016|||||||||
2021-03-05 15:08:38.801600,Q|6068||120.61|2|120.77|7||1614953318.8016|
2021-03-05 15:08:38.832700,Q|6069||120.55|6|120.77|7||1614953318.8327|
2021-03-05 15:08:39.067200,Q|6070||120.6|5|120.77|7||1614953319.0672|
2021-03-05 15:08:41.497800,Q|6071||120.64|10|120.77|7||1614953321.4978|
2021-03-05 15:08:41.497800,Q|6072||120.6|5|120.77|7||1614953321.4978|
2021-03-05 15:08:43.091400,Q|6073||120.63|10|120.77|7||1614953323.0914|
2021-03-05 15:08:43.134700,Q|6074||120.6|5|120.77|7||1614953323.1347|
2021-03-05 15:08:45.262000,Q|6075||120.6|5|120.67|10||1614953325.262|
2021-03-05 15:08:45.262000,Q|6076||120.6|5|120.65|100||1614953325.262|
2021-03-05 15:08:45.262000,Q|6077||120.6|5|120.67|10||1614953325.262|
2021-03-05 15:08:45.262000,Q|6078||120.55|6|120.67|10||1614953325.262|
2021-03-05 15:08:45.303800,T|6079||120.6|5||1614953325.3038|||||||||
2021-03-05 15:08:45.303800,Q|6080||120.55|6|120.64|2||1614953325.3038|
2021-03-05 15:08:45.303800,Q|6081||120.55|6|120.77|7||1614953325.3038|
2021-03-05 15:08:57.299000,T|6082||120.66|10||1614953337.299|||||||||
2021-03-05 15:08:57.714800,Q|6083||120.63|10|120.77|7||1614953337.7148|
2021-03-05 15:08:57.714800,Q|6084||120.62|200|120.77|7||1614953337.7148|
2021-03-05 15:08:57.714800,Q|6085||120.62|100|120.77|7||1614953337.7148|
2021-03-05 15:08:57.714800,Q|6086||120.55|6|120.77|7||1614953337.7148|
2021-03-05 15:08:58.407900,Q|6087||120.63|10|120.77|7||1614953338.4079|
2021-03-05 15:08:58.407900,Q|6088||120.62|200|120.77|7||1614953338.4079|
2021-03-05 15:08:58.407900,Q|6089||120.62|100|120.77|7||1614953338.4079|
2021-03-05 15:08:58.407900,Q|6090||120.55|6|120.77|7||1614953338.4079|
2021-03-05 15:09:00.070800,Q|6091||120.58|2|120.77|7||1614953340.0708|
2021-03-05 15:09:00.080100,Q|6092||120.63|10|120.77|7||1614953340.0801|
2021-03-05 15:09:00.080100,Q|6093||120.62|200|120.77|7||1614953340.0801|
2021-03-05 15:09:00.080100,Q|6094||120.62|100|120.77|7||1614953340.0801|
2021-03-05 15:09:00.080100,Q|6095||120.58|2|120.77|7||1614953340.0801|
2021-03-05 15:09:01.481600,Q|6096||120.58|2|120.71|17||1614953341.4816|
2021-03-05 15:09:01.835600,Q|6097||120.58|2|120.67|10||1614953341.8356|
2021-03-05 15:09:01.866700,Q|6098||120.58|2|120.71|17||1614953341.8667|
2021-03-05 15:09:02.876100,Q|6099||120.6|25|120.71|17||1614953342.8761|
2021-03-05 15:09:05.382400,Q|6100||120.63|10|120.71|17||1614953345.3824|
2021-03-05 15:09:05.382400,Q|6101||120.62|200|120.71|17||1614953345.3824|
2021-03-05 15:09:05.382400,Q|6102||120.62|100|120.71|17||1614953345.3824|
2021-03-05 15:09:05.382400,Q|6103||120.6|25|120.71|17||1614953345.3824|
2021-03-05 15:09:06.248600,Q|6104||120.65|10|120.71|17||1614953346.2486|
2021-03-05 15:09:06.248600,Q|6105||120.6|25|120.71|17||1614953346.2486|
2021-03-05 15:09:06.248600,Q|6106||120.6|25|120.67|10||1614953346.2486|
2021-03-05 15:09:06.269400,Q|6107||120.6|25|120.71|17||1614953346.2694|
2021-03-05 15:09:07.292400,Q|6108||120.63|10|120.71|17||1614953347.2924|
2021-03-05 15:09:07.292400,Q|6109||120.62|200|120.71|17||1614953347.2924|
2021-03-05 15:09:07.292400,Q|6110||120.62|100|120.71|17||1614953347.2924|
2021-03-05 15:09:07.292400,Q|6111||120.6|25|120.71|17||1614953347.2924|
2021-03-05 15:09:07.292400,Q|6112||120.6|25|120.7|58||1614953347.2924|
2021-03-05 15:09:07.334600,Q|6113||120.6|25|120.71|17||1614953347.3346|
2021-03-05 15:09:07.722100,Q|6114||120.63|10|120.71|17||1614953347.7221|
2021-03-05 15:09:07.722100,Q|6115||120.62|200|120.71|17||1614953347.7221|
2021-03-05 15:09:07.738500,Q|6116||120.62|100|120.71|17||1614953347.7385|
2021-03-05 15:09:07.738500,Q|6117||120.6|25|120.71|17||1614953347.7385|
2021-03-05 15:09:08.940700,Q|6118||120.6|25|120.7|58||1614953348.9407|
2021-03-05 15:09:08.946500,Q|6119||120.6|25|120.71|17||1614953348.9465|
2021-03-05 15:09:09.299900,Q|6120||120.63|10|120.71|17||1614953349.2999|
2021-03-05 15:09:09.299900,Q|6121||120.62|200|120.71|17||1614953349.2999|
2021-03-05 15:09:09.299900,Q|6122||120.62|100|120.71|17||1614953349.2999|
2021-03-05 15:09:09.299900,Q|6123||120.6|25|120.71|17||1614953349.2999|
2021-03-05 15:09:15.646700,Q|6124||120.6|25|120.67|10||1614953355.6467|
2021-03-05 15:09:15.646700,Q|6125||120.6|25|120.71|17||1614953355.6467|
2021-03-05 15:09:16.098100,Q|6126||120.58|2|120.71|17||1614953356.0981|
2021-03-05 15:09:17.113000,Q|6127||120.64|10|120.71|17||1614953357.113|
2021-03-05 15:09:17.113000,Q|6128||120.58|2|120.71|17||1614953357.113|
2021-03-05 15:09:17.573300,Q|6129||120.58|2|120.67|10||1614953357.5733|
2021-03-05 15:09:17.595100,Q|6130||120.58|2|120.71|17||1614953357.5951|
2021-03-05 15:09:19.243300,Q|6131||120.65|10|120.71|17||1614953359.2433|
2021-03-05 15:09:19.243300,Q|6132||120.58|2|120.71|17||1614953359.2433|
2021-03-05 15:09:19.243300,Q|6133||120.58|2|120.67|10||1614953359.2433|
2021-03-05 15:09:19.287800,Q|6134||120.58|2|120.71|17||1614953359.2878|
2021-03-05 15:09:22.136800,Q|6135||120.65|100|120.71|17||1614953362.1368|
2021-03-05 15:09:22.163800,Q|6136||120.58|2|120.71|17||1614953362.1638|
2021-03-05 15:09:25.465300,Q|6137||120.65|10|120.71|17||1614953365.4653|
2021-03-05 15:09:25.465300,Q|6138||120.58|2|120.71|17||1614953365.4653|
2021-03-05 15:09:25.465300,Q|6139||120.58|2|120.7|58||1614953365.4653|
2021-03-05 15:09:25.465300,Q|6140||120.58|2|120.67|10||1614953365.4653|
2021-03-05 15:09:25.486200,Q|6141||120.58|2|120.71|17||1614953365.4862|
2021-03-05 15:09:32.135700,Q|6142||120.58|2|120.66|10||1614953372.1357|
2021-03-05 15:09:32.135700,Q|6143||120.58|2|120.71|17||1614953372.1357|
2021-03-05 15:09:34.695600,Q|6144||120.63|10|120.71|17||1614953374.6956|
2021-03-05 15:09:34.695600,Q|6145||120.62|200|120.71|17||1614953374.6956|
2021-03-05 15:09:34.714000,Q|6146||120.62|100|120.71|17||1614953374.714|
2021-03-05 15:09:34.714000,Q|6147||120.65|10|120.71|17||1614953374.714|
2021-03-05 15:09:34.739400,Q|6148||120.58|2|120.71|17||1614953374.7394|
2021-03-05 15:09:35.161000,Q|6149||120.58|2|120.68|53||1614953375.161|
2021-03-05 15:09:35.204100,Q|6150||120.58|2|120.71|17||1614953375.2041|
2021-03-05 15:09:36.609200,Q|6151||120.66|8|120.71|17||1614953376.6092|
2021-03-05 15:09:36.647400,Q|6152||120.58|2|120.71|17||1614953376.6474|
2021-03-05 15:09:40.505500,Q|6153||120.69|10|120.71|17||1614953380.5055|
2021-03-05 15:09:40.505500,Q|6154||120.58|3|120.71|17||1614953380.5055|
2021-03-05 15:09:40.524800,Q|6155||120.64|2|120.77|7||1614953380.5248|
2021-03-05 15:09:40.524800,T|6156||120.71|17||1614953380.5248|||||||||
2021-03-05 15:09:40.568800,Q|6157||120.58|3|120.77|7||1614953380.5688|
2021-03-05 15:09:41.555600,Q|6158||120.72|7|120.77|7||1614953381.5556|
2021-03-05 15:09:41.555600,Q|6159||120.72|107|120.77|7||1614953381.5556|
2021-03-05 15:09:41.555600,Q|6160||120.72|7|120.77|7||1614953381.5556|
2021-03-05 15:09:41.605700,Q|6161||120.58|3|120.77|7||1614953381.6057|
2021-03-05 15:09:41.632100,Q|6162||120.66|1|120.77|7||1614953381.6321|
2021-03-05 15:09:42.516600,Q|6163||120.66|1|120.75|10||1614953382.5166|
2021-03-05 15:09:42.587200,Q|6164||120.66|1|120.77|7||1614953382.5872|
2021-03-05 15:09:44.882300,Q|6165||120.7|2|120.77|7||1614953384.8823|
2021-03-05 15:09:47.514800,Q|6166||120.74|10|120.77|7||1614953387.5148|
2021-03-05 15:09:47.548000,Q|6167||120.7|2|120.77|7||1614953387.548|
2021-03-05 15:09:49.569300,Q|6168||120.7|2|120.89|1||1614953389.5693|
2021-03-05 15:09:49.595500,T|6169||120.77|7||1614953389.5955|||||||||
2021-03-05 15:09:49.595500,Q|6170||120.73|2|120.89|1||1614953389.5955|
2021-03-05 15:09:49.595500,Q|6171||120.76|10|120.89|1||1614953389.5955|
2021-03-05 15:09:49.595500,Q|6172||120.76|110|120.89|1||1614953389.5955|
2021-03-05 15:09:49.595500,Q|6173||120.76|10|120.89|1||1614953389.5955|
2021-03-05 15:09:49.627100,Q|6174||120.7|2|120.89|1||1614953389.6271|
2021-03-05 15:09:53.149700,Q|6175||120.78|10|120.89|1||1614953393.1497|
2021-03-05 15:09:53.173700,Q|6176||120.76|54|120.89|1||1614953393.1737|
2021-03-05 15:09:53.173700,Q|6177||120.7|2|120.89|1||1614953393.1737|
2021-03-05 15:09:53.285100,Q|6178||120.77|100|120.89|1||1614953393.2851|
2021-03-05 15:09:59.686100,Q|6179||120.77|154|120.89|1||1614953399.6861|
2021-03-05 15:09:59.686100,Q|6180||120.82|10|120.89|1||1614953399.6861|
2021-03-05 15:09:59.686100,Q|6181||120.83|100|120.89|1||1614953399.6861|
2021-03-05 15:09:59.686100,Q|6182||120.83|200|120.89|1||1614953399.6861|
2021-03-05 15:09:59.686100,Q|6183||120.83|100|120.89|1||1614953399.6861|
2021-03-05 15:09:59.686100,Q|6184||120.82|10|120.89|1||1614953399.6861|
2021-03-05 15:09:59.686100,Q|6185||120.83|100|120.89|1||1614953399.6861|
2021-03-05 15:09:59.686100,Q|6186||120.82|10|120.89|1||1614953399.6861|
2021-03-05 15:09:59.705000,Q|6187||120.77|100|120.89|1||1614953399.705|
